Word,Frequency
object,12
I,12
argue,11
far,6
perspectival,6
shape,6
experience,5
require,5
important,4
wall,4
constellation,4
sky,4
Cognition,4
ground,4
fail,4
enter,4
easily,3
large,3
sufficient,3
transcendental,3
context,3
american,3
literature,3
british,3
german,3
study,3
self,3
feature,2
philosopher,2
perceptual,2
knowledge,2
independent,2
diagram,2
Thibaut,2
Science,2
aspect,2
escape,2
change,2
purpose,1
reduction,1
flower,1
different,1
Ryle,1
justify,1
Austin,1
finally,1
draw,1
thing,1
individual,1
element,1
elementary,1
hue,1
Newton,1
gamut,1
$,1
2.25,1
Journal,1
history,1
slope,1
mountain,1
patch,1
whitish,1
stone,1
happen,1
observer,1
unexpected,1
particular,1
critical,1
highlight,1
central,1
property,1
embed,1
course,1
unknown,1
pattern,1
process,1
attend,1
section,1
development,1
theoretical,1
movement,1
concern,1
relevant,1
difference,1
interrelation,1
enormously,1
complicated,1
resist,1
neat,1
error,1
general,1
reason,1
partly,1
defendant,1
normally,1
past,1
extremely,1
difficult,1
manuscript,1
complex,1
collection,1
sensation,1
correct,1
partially,1
fourth,1
